access|!|24-01-2022 04:56:58
Nathan|!|24-01-2022 13:03:24
Nathan|!|24-01-2022 13:16:27
Nathan|!|24-01-2022 14:34:13
Nathan|!|24-01-2022 14:36:01
access|!|24-01-2022 14:43:25
access|!|24-01-2022 14:53:17
access|!|24-01-2022 14:54:56
access|!|24-01-2022 14:55:16
access|!|24-01-2022 14:55:36
access|!|24-01-2022 14:55:50
access|!|24-01-2022 14:56:56
access|!|24-01-2022 14:57:25
access|!|24-01-2022 14:57:40
access|!|24-01-2022 14:59:02
access|!|24-01-2022 14:59:23
access|!|24-01-2022 15:03:19
Erin|!|24-01-2022 15:04:40
Erin|!|24-01-2022 15:23:04
Erin|!|24-01-2022 15:23:43
access|!|24-01-2022 15:27:25
access|!|24-01-2022 17:54:32
access|!|24-01-2022 17:55:29
access|!|24-01-2022 17:56:12
access|!|24-01-2022 17:58:40
access|!|24-01-2022 17:59:22
access|!|24-01-2022 17:59:57
access|!|24-01-2022 18:01:06
access|!|24-01-2022 18:03:03
access|!|24-01-2022 21:32:40
access|!|24-01-2022 21:35:52
access|!|24-01-2022 21:36:37
access|!|24-01-2022 21:39:00
access|!|24-01-2022 21:39:11
access|!|24-01-2022 21:43:09
access|!|24-01-2022 21:44:55
access|!|24-01-2022 21:46:44
access|!|24-01-2022 21:47:22
access|!|24-01-2022 21:48:53
Danny|!|24-01-2022 21:50:20
Danny|!|24-01-2022 21:50:35
Danny|!|24-01-2022 21:50:46
Erin|!|24-01-2022 21:51:15
access|!|24-01-2022 21:52:37
access|!|24-01-2022 21:54:28
access|!|24-01-2022 22:02:16
access|!|24-01-2022 22:02:48
access|!|24-01-2022 22:03:13
access|!|24-01-2022 22:05:57
